,url_topic,topic_words
1,aberdeen-sd,aberdeen sd
2,abilene-tx,abilene tx
3,acworth-ga,acworth ga
4,ada-ok,ada ok
5,addison-il,addison il
6,adelanto-ca,adelanto ca
7,adrian-mi,adrian mi
8,agawam-ma,agawam ma
9,agoura-hills-ca,agoura hills ca
10,aiken-sc,aiken sc
11,akron-oh,akron oh
12,alabaster-al,alabaster al
13,alameda-ca,alameda ca
14,alamogordo-nm,alamogordo nm
15,alamo-tx,alamo tx
16,albany-ga,albany ga
17,albany-ny,albany ny
18,albany-or,albany or
19,albert-lea-mn,albert lea mn
20,albertville-al,albertville al
21,albuquerque-nm,albuquerque nm
22,alexandria-la,alexandria la
23,alexandria-va,alexandria va
24,algonquin-il,algonquin il
25,alhambra-ca,alhambra ca
26,alice-tx,alice tx
27,aliso-viejo-ca,aliso viejo ca
28,allendale-sc,allendale sc
29,allen-park-mi,allen park mi
30,allentown-pa,allentown pa
31,allen-tx,allen tx
32,alliance-oh,alliance oh
33,alpharetta-ga,alpharetta ga
34,alsip-il,alsip il
35,altamonte-springs-fl,altamonte springs fl
36,alton-il,alton il
37,altoona-pa,altoona pa
38,altus-ok,altus ok
39,alvin-tx,alvin tx
40,amarillo-tx,amarillo tx
41,american-fork-ut,american fork ut
42,ames-ia,ames ia
43,amsterdam-ny,amsterdam ny
44,anacortes-wa,anacortes wa
45,anaheim-ca,anaheim ca
46,anchorage-ak,anchorage ak
47,anderson-id,anderson id
48,anderson-in,anderson in
49,anderson-sc,anderson sc
50,andover-mn,andover mn
51,angleton-tx,angleton tx
52,ankeny-ia,ankeny ia
53,annapolis-md,annapolis md
54,ann-arbor-mi,ann arbor mi
55,anniston-al,anniston al
56,anoka-mn,anoka mn
57,ansonia-ct,ansonia ct
58,antioch-ca,antioch ca
59,apache-junction-az,apache junction az
60,apex-nc,apex nc
61,apopka-fl,apopka fl
62,appleton-wi,appleton wi
63,apple-valley-ca,apple valley ca
64,apple-valley-mn,apple valley mn
65,arcadia-ca,arcadia ca
66,arcata-ca,arcata ca
67,ardmore-ok,ardmore ok
68,arlington-heights-il,arlington heights il
69,arlington-tx,arlington tx
70,arlington-wa,arlington wa
71,arnold-mo,arnold mo
72,arroyo-grande-ca,arroyo grande ca
73,arvada-co,arvada co
74,asheboro-nc,asheboro nc
75,asheville-nc,asheville nc
76,ashland-ky,ashland ky
77,ashland-oh,ashland oh
78,ashland-or,ashland or
79,ashtabula-oh,ashtabula oh
80,ashwaubenon-wi,ashwaubenon wi
81,atascadero-ca,atascadero ca
82,athens-al,athens al
83,athens-ga,athens ga
84,athens-oh,athens oh
85,atlanta-ga,atlanta ga
86,atlantic-city-nj,atlantic city nj
87,atoka-ok,atoka ok
88,attleboro-ma,attleboro ma
89,atwater-ca,atwater ca
90,auburn-al,auburn al
91,auburn-hills-mi,auburn hills mi
92,auburn-me,auburn me
93,auburn-ny,auburn ny
94,auburn-wa,auburn wa
95,augusta-ga,augusta ga
96,augusta-me,augusta me
97,aurora-co,aurora co
98,aurora-il,aurora il
99,austin-mn,austin mn
100,austin-tx,austin tx
101,aventura-fl,aventura fl
102,avondale-az,avondale az
103,avon-lake-oh,avon lake oh
104,avon-oh,avon oh
105,azusa-ca,azusa ca
106,bainbridge-island-wa,bainbridge island wa
107,bakersfield-ca,bakersfield ca
108,balch-springs-tx,balch springs tx
109,baldwin-pa,baldwin pa
110,baldwin-park-ca,baldwin park ca
111,ballwin-mo,ballwin mo
112,baltimore-md,baltimore md
113,bangor-me,bangor me
114,banning-ca,banning ca
115,barberton-oh,barberton oh
116,barnstable-town-ma,barnstable town ma
117,barstow-ca,barstow ca
118,bartlesville-ok,bartlesville ok
119,bartlett-il,bartlett il
120,bartlett-tn,bartlett tn
121,bartow-fl,bartow fl
122,batavia-il,batavia il
123,baton-rouge-la,baton rouge la
124,battle-creek-mi,battle creek mi
125,battle-ground-wa,battle ground wa
126,bay-city-mi,bay city mi
127,bay-city-tx,bay city tx
128,bayonne-nj,bayonne nj
129,baytown-tx,baytown tx
130,beaumont-ca,beaumont ca
131,beaumont-tx,beaumont tx
132,beavercreek-oh,beavercreek oh
133,beaverton-or,beaverton or
134,bedford-tx,bedford tx
135,bellaire-tx,bellaire tx
136,bella-vista-ar,bella vista ar
137,bell-ca,bell ca
138,belle-glade-fl,belle glade fl
139,belleville-il,belleville il
140,bellevue-ne,bellevue ne
141,bellevue-wa,bellevue wa
142,bellflower-ca,bellflower ca
143,bell-gardens-ca,bell gardens ca
144,bellingham-wa,bellingham wa
145,bellwood-il,bellwood il
146,belmont-ca,belmont ca
147,beloit-wi,beloit wi
148,belton-mo,belton mo
149,belton-tx,belton tx
150,belvidere-il,belvidere il
151,benbrook-tx,benbrook tx
152,bend-or,bend or
153,benicia-ca,benicia ca
154,bensenville-il,bensenville il
155,benton-ar,benton ar
156,bentonville-ar,bentonville ar
157,berea-oh,berea oh
158,bergenfield-nj,bergenfield nj
159,berkeley-ca,berkeley ca
160,berwyn-il,berwyn il
161,bessemer-al,bessemer al
162,bethany-ok,bethany ok
163,bethel-park-pa,bethel park pa
164,bethlehem-pa,bethlehem pa
165,bettendorf-ia,bettendorf ia
166,beverly-hills-ca,beverly hills ca
167,beverly-ma,beverly ma
168,biddeford-me,biddeford me
169,big-spring-tx,big spring tx
170,billings-mt,billings mt
171,biloxi-ms,biloxi ms
172,binghamton-ny,binghamton ny
173,birmingham-al,birmingham al
174,birmingham-mi,birmingham mi
175,bismarck-nd,bismarck nd
176,bixby-ok,bixby ok
177,blacksburg-va,blacksburg va
178,blaine-mn,blaine mn
179,bloomingdale-il,bloomingdale il
180,bloomington-id,bloomington id
181,bloomington-il,bloomington il
182,bloomington-in,bloomington in
183,bloomington-mn,bloomington mn
184,blue-island-il,blue island il
185,blue-springs-mo,blue springs mo
186,blythe-ca,blythe ca
187,boca-raton-fl,boca raton fl
188,boise-id,boise id
189,bolingbrook-il,bolingbrook il
190,bonita-springs-fl,bonita springs fl
191,bonney-lake-wa,bonney lake wa
192,bossier-city-la,bossier city la
193,boston-ma,boston ma
194,bothell-wa,bothell wa
195,boulder-co,boulder co
196,bountiful-ut,bountiful ut
197,bourbonnais-il,bourbonnais il
198,bowie-md,bowie md
199,bowling-green-ky,bowling green ky
200,bowling-green-oh,bowling green oh
201,boynton-beach-fl,boynton beach fl
202,bozeman-mt,bozeman mt
203,bradenton-fl,bradenton fl
204,brandon-ms,brandon ms
205,brawley-ca,brawley ca
206,brea-ca,brea ca
207,bremerton-wa,bremerton wa
208,brentwood-ca,brentwood ca
209,brentwood-tn,brentwood tn
210,bridgeport-ct,bridgeport ct
211,bridgeton-nj,bridgeton nj
212,brigham-city-ut,brigham city ut
213,brighton-co,brighton co
214,bristol-ct,bristol ct
215,bristol-tn,bristol tn
216,bristol-va,bristol va
217,broadview-heights-oh,broadview heights oh
218,brockton-ma,brockton ma
219,broken-arrow-ok,broken arrow ok
220,brookfield-il,brookfield il
221,brookfield-wi,brookfield wi
222,brookings-sd,brookings sd
223,brooklyn-center-mn,brooklyn center mn
224,brooklyn-park-mn,brooklyn park mn
225,brook-park-oh,brook park oh
226,broomfield-co,broomfield co
227,brownsburg-in,brownsburg in
228,brownsville-tx,brownsville tx
229,brownwood-tx,brownwood tx
230,brunswick-oh,brunswick oh
231,bryan-tx,bryan tx
232,buckeye-az,buckeye az
233,buena-park-ca,buena park ca
234,buffalo-grove-il,buffalo grove il
235,buffalo-ny,buffalo ny
236,bullhead-city-az,bullhead city az
237,burbank-ca,burbank ca
238,burbank-il,burbank il
239,burien-wa,burien wa
240,burleson-tx,burleson tx
241,burlingame-ca,burlingame ca
242,burlington-ia,burlington ia
243,burlington-nc,burlington nc
244,burlington-vt,burlington vt
245,burnsville-mn,burnsville mn
246,burton-mi,burton mi
247,butte-silver-bow-mt,butte silver bow mt
248,cabot-ar,cabot ar
249,cadillac-mi,cadillac mi
250,calabasas-ca,calabasas ca
251,caldwell-id,caldwell id
252,caledonia-wi,caledonia wi
253,calexico-ca,calexico ca
254,calumet-city-il,calumet city il
255,camarillo-ca,camarillo ca
256,camas-wa,camas wa
257,cambridge-ma,cambridge ma
258,camden-nj,camden nj
259,campbell-ca,campbell ca
260,canton-ga,canton ga
261,canton-oh,canton oh
262,cape-coral-fl,cape coral fl
263,cape-girardeau-mo,cape girardeau mo
264,carbondale-il,carbondale il
265,carlisle-pa,carlisle pa
266,carlsbad-ca,carlsbad ca
267,carlsbad-nm,carlsbad nm
268,carmel-in,carmel in
269,carol-stream-il,carol stream il
270,carpentersville-il,carpentersville il
271,carrboro-nc,carrboro nc
272,carrollton-ga,carrollton ga
273,carrollton-tx,carrollton tx
274,carson-ca,carson ca
275,carson-city-nv,carson city nv
276,carteret-nj,carteret nj
277,cartersville-ga,cartersville ga
278,cary-il,cary il
279,cary-nc,cary nc
280,casa-grande-az,casa grande az
281,casper-wy,casper wy
282,casselberry-fl,casselberry fl
283,castle-rock-co,castle rock co
284,cathedral-city-ca,cathedral city ca
285,cedar-city-ut,cedar city ut
286,cedar-falls-ia,cedar falls ia
287,cedar-hill-tx,cedar hill tx
288,cedar-park-tx,cedar park tx
289,cedar-rapids-ia,cedar rapids ia
290,centennial-co,centennial co
291,centerville-oh,centerville oh
292,central-falls-ri,central falls ri
293,central-la,central la
294,ceres-ca,ceres ca
295,cerritos-ca,cerritos ca
296,chambersburg-pa,chambersburg pa
297,champaign-il,champaign il
298,champlin-mn,champlin mn
299,chandler-az,chandler az
300,chanhassen-mn,chanhassen mn
301,chantilly-va,chantilly va
302,chapel-hill-nc,chapel hill nc
303,charleston-il,charleston il
304,charleston-sc,charleston sc
305,charleston-wv,charleston wv
306,charlotte-nc,charlotte nc
307,charlottesville-va,charlottesville va
308,chaska-mn,chaska mn
309,chattanooga-tn,chattanooga tn
310,chelsea-ma,chelsea ma
311,chesapeake-va,chesapeake va
312,chesterfield-mo,chesterfield mo
313,chester-pa,chester pa
314,cheyenne-wy,cheyenne wy
315,chicago-heights-il,chicago heights il
316,chicago-il,chicago il
317,chickasha-ok,chickasha ok
318,chico-ca,chico ca
319,chicopee-ma,chicopee ma
320,chillicothe-oh,chillicothe oh
321,chino-ca,chino ca
322,chino-hills-ca,chino hills ca
323,chowchilla-ca,chowchilla ca
324,christiansburg-va,christiansburg va
325,chula-vista-ca,chula vista ca
326,cicero-il,cicero il
327,cincinnati-oh,cincinnati oh
328,citrus-heights-ca,citrus heights ca
329,claremont-ca,claremont ca
330,claremore-ok,claremore ok
331,clarksdale-ms,clarksdale ms
332,clarksville-in,clarksville in
333,clarksville-tn,clarksville tn
334,clearfield-ut,clearfield ut
335,clearwater-fl,clearwater fl
336,cleburne-tx,cleburne tx
337,clemmons-nc,clemmons nc
338,cleveland-heights-oh,cleveland heights oh
339,cleveland-oh,cleveland oh
340,cleveland-tn,cleveland tn
341,cliffside-park-nj,cliffside park nj
342,clifton-nj,clifton nj
343,clinton-ia,clinton ia
344,clinton-ms,clinton ms
345,clinton-ut,clinton ut
346,clovis-ca,clovis ca
347,clovis-nm,clovis nm
348,coachella-ca,coachella ca
349,coalinga-ca,coalinga ca
350,coconut-creek-fl,coconut creek fl
351,coeur-dalene-id,coeur dalene id
352,college-park-ga,college park ga
353,college-park-md,college park md
354,college-station-tx,college station tx
355,colleyville-tx,colleyville tx
356,collierville-tn,collierville tn
357,collinsville-il,collinsville il
358,colonial-heights-va,colonial heights va
359,colorado-springs-co,colorado springs co
360,colton-ca,colton ca
361,columbia-heights-mn,columbia heights mn
362,columbia-mo,columbia mo
363,columbia-sc,columbia sc
364,columbia-tn,columbia tn
365,columbus-ga,columbus ga
366,columbus-in,columbus in
367,columbus-ms,columbus ms
368,columbus-ne,columbus ne
369,columbus-oh,columbus oh
370,commerce-city-co,commerce city co
371,compton-ca,compton ca
372,concord-ca,concord ca
373,concord-nc,concord nc
374,concord-nh,concord nh
375,conroe-tx,conroe tx
376,converse-tx,converse tx
377,conway-ar,conway ar
378,cookeville-tn,cookeville tn
379,coon-rapids-mn,coon rapids mn
380,cooper-city-fl,cooper city fl
381,coppell-tx,coppell tx
382,copperas-cove-tx,copperas cove tx
383,coral-gables-fl,coral gables fl
384,coral-springs-fl,coral springs fl
385,coralville-ia,coralville ia
386,corcoran-ca,corcoran ca
387,corinth-tx,corinth tx
388,cornelius-nc,cornelius nc
389,corona-ca,corona ca
390,coronado-ca,coronado ca
391,corpus-christi-tx,corpus christi tx
392,corsicana-tx,corsicana tx
393,cortland-ny,cortland ny
394,corvallis-or,corvallis or
395,costa-mesa-ca,costa mesa ca
396,cottage-grove-mn,cottage grove mn
397,cottonwood-heights-ut,cottonwood heights ut
398,council-bluffs-ia,council bluffs ia
399,covina-ca,covina ca
400,covington-ky,covington ky
401,covington-wa,covington wa
402,cranston-ri,cranston ri
403,crest-hill-il,crest hill il
404,crestview-fl,crestview fl
405,creve-coeur-mo,creve coeur mo
406,crown-point-in,crown point in
407,crystal-lake-il,crystal lake il
408,crystal-mn,crystal mn
409,cudahy-ca,cudahy ca
410,cudahy-wi,cudahy wi
411,culver-city-ca,culver city ca
412,cumberland-md,cumberland md
413,cupertino-ca,cupertino ca
414,cutler-bay-fl,cutler bay fl
415,cuyahoga-falls-oh,cuyahoga falls oh
416,cypress-ca,cypress ca
417,dade-city-fl,dade city fl
418,dallas-tx,dallas tx
419,dalton-ga,dalton ga
420,daly-city-ca,daly city ca
421,dana-point-ca,dana point ca
422,danbury-ct,danbury ct
423,dania-beach-fl,dania beach fl
424,danville-ca,danville ca
425,danville-il,danville il
426,danville-va,danville va
427,daphne-al,daphne al
428,darien-il,darien il
429,davenport-ia,davenport ia
430,davie-fl,davie fl
431,davis-ca,davis ca
432,daytona-beach-fl,daytona beach fl
433,dayton-oh,dayton oh
434,dearborn-heights-mi,dearborn heights mi
435,dearborn-mi,dearborn mi
436,decatur-al,decatur al
437,decatur-ga,decatur ga
438,decatur-il,decatur il
439,deerfield-beach-fl,deerfield beach fl
440,deerfield-il,deerfield il
441,deer-park-tx,deer park tx
442,dekalb-il,dekalb il
443,de-land-fl,de land fl
444,delano-ca,delano ca
445,delaware-oh,delaware oh
446,del-city-ok,del city ok
447,delray-beach-fl,delray beach fl
448,del-rio-tx,del rio tx
449,deltona-fl,deltona fl
450,denison-tx,denison tx
451,denton-tx,denton tx
452,denver-co,denver co
453,de-pere-wi,de pere wi
454,derby-ks,derby ks
455,desert-hot-springs-ca,desert hot springs ca
456,des-moines-ia,des moines ia
457,des-moines-wa,des moines wa
458,desoto-tx,desoto tx
459,des-plaines-il,des plaines il
460,detroit-mi,detroit mi
461,diamond-bar-ca,diamond bar ca
462,dickinson-tx,dickinson tx
463,dinuba-ca,dinuba ca
464,disclaimer-back-up,disclaimer back up
465,dixon-ca,dixon ca
466,dodge-city-ks,dodge city ks
467,dolton-il,dolton il
468,donna-tx,donna tx
469,doral-fl,doral fl
470,dothan-al,dothan al
471,douglas-az,douglas az
472,douglasville-ga,douglasville ga
473,dover-de,dover de
474,dover-nh,dover nh
475,dover-nj,dover nj
476,downers-grove-il,downers grove il
477,downey-ca,downey ca
478,draper-ut,draper ut
479,duarte-ca,duarte ca
480,dublin-ca,dublin ca
481,dublin-ga,dublin ga
482,dublin-oh,dublin oh
483,dubuque-ia,dubuque ia
484,duluth-ga,duluth ga
485,duluth-mn,duluth mn
486,dumont-nj,dumont nj
487,duncan-ok,duncan ok
488,duncanville-tx,duncanville tx
489,dunedin-fl,dunedin fl
490,durant-ok,durant ok
491,durham-nc,durham nc
492,dyersburg-tn,dyersburg tn
493,eagan-mn,eagan mn
494,eagle-id,eagle id
495,eagle-mountain-ut,eagle mountain ut
496,eagle-pass-tx,eagle pass tx
497,easley-sc,easley sc
498,east-chicago-in,east chicago in
499,east-cleveland-oh,east cleveland oh
500,eastlake-oh,eastlake oh
501,east-lansing-mi,east lansing mi
502,east-moline-il,east moline il
503,easton-pa,easton pa
504,east-orange-nj,east orange nj
505,east-palo-alto-ca,east palo alto ca
506,east-peoria-il,east peoria il
507,eastpointe-mi,eastpointe mi
508,east-point-ga,east point ga
509,east-providence-ri,east providence ri
510,east-ridge-tn,east ridge tn
511,east-st-louis-il,east st louis il
512,eau-claire-wi,eau claire wi
513,eden-prairie-mn,eden prairie mn
514,edgewater-fl,edgewater fl
515,edina-mn,edina mn
516,edinburg-tx,edinburg tx
517,edmond-ok,edmond ok
518,edmonds-wa,edmonds wa
519,edwardsville-il,edwardsville il
520,el-cajon-ca,el cajon ca
521,el-centro-ca,el centro ca
522,el-cerrito-ca,el cerrito ca
523,el-dorado-ar,el dorado ar
524,elgin-il,elgin il
525,elizabeth-city-nc,elizabeth city nc
526,elizabeth-nj,elizabeth nj
527,elizabethtown-ky,elizabethtown ky
528,elk-grove-ca,elk grove ca
529,elk-grove-village-il,elk grove village il
530,elkhart-in,elkhart in
531,elko-nv,elko nv
532,elk-river-mn,elk river mn
533,ellensburg-wa,ellensburg wa
534,elmhurst-il,elmhurst il
535,el-mirage-az,el mirage az
536,elmira-ny,elmira ny
537,el-monte-ca,el monte ca
538,elmwood-park-il,elmwood park il
539,elmwood-park-nj,elmwood park nj
540,el-paso-tx,el paso tx
541,el-reno-ok,el reno ok
542,el-segundo-ca,el segundo ca
543,elyria-oh,elyria oh
544,emporia-ks,emporia ks
545,encinitas-ca,encinitas ca
546,englewood-co,englewood co
547,englewood-nj,englewood nj
548,enid-ok,enid ok
549,ennis-tx,ennis tx
550,enterprise-al,enterprise al
551,erie-co,erie co
552,erie-pa,erie pa
553,erlanger-ky,erlanger ky
554,escondido-ca,escondido ca
555,euclid-oh,euclid oh
556,eugene-or,eugene or
557,euless-tx,euless tx
558,eureka-ca,eureka ca
559,eustis-fl,eustis fl
560,evans-co,evans co
561,evanston-il,evanston il
562,evansville-in,evansville in
563,everett-ma,everett ma
564,everett-wa,everett wa
565,evergreen-park-il,evergreen park il
566,fairbanks-ak,fairbanks ak
567,fairborn-oh,fairborn oh
568,fairfax-va,fairfax va
569,fairfield-ca,fairfield ca
570,fairfield-oh,fairfield oh
571,fairhope-al,fairhope al
572,fair-lawn-nj,fair lawn nj
573,fairmont-wv,fairmont wv
574,fall-river-ma,fall river ma
575,fargo-nd,fargo nd
576,faribault-mn,faribault mn
577,farmers-branch-tx,farmers branch tx
578,farmington-hills-mi,farmington hills mi
579,farmington-mn,farmington mn
580,farmington-nm,farmington nm
581,farmington-ut,farmington ut
582,farragut-tn,farragut tn
583,fayetteville-ar,fayetteville ar
584,fayetteville-nc,fayetteville nc
585,federal-way-wa,federal way wa
586,ferguson-mo,ferguson mo
587,ferndale-mi,ferndale mi
588,findlay-oh,findlay oh
589,fishers-in,fishers in
590,fitchburg-ma,fitchburg ma
591,fitchburg-wi,fitchburg wi
592,flagstaff-az,flagstaff az
593,flint-mi,flint mi
594,florence-al,florence al
595,florence-az,florence az
596,florence-ky,florence ky
597,florence-sc,florence sc
598,florissant-mo,florissant mo
599,flower-mound-tx,flower mound tx
600,flushing-ny,flushing ny
601,folsom-ca,folsom ca
602,fond-du-lac-wi,fond du lac wi
603,fontana-ca,fontana ca
604,forest-grove-or,forest grove or
605,forest-lake-mn,forest lake mn
606,forest-park-ga,forest park ga
607,forest-park-oh,forest park oh
608,fort-collins-co,fort collins co
609,fort-dodge-ia,fort dodge ia
610,fort-lauderdale-fl,fort lauderdale fl
611,fort-lee-nj,fort lee nj
612,fort-myers-fl,fort myers fl
613,fort-pierce-fl,fort pierce fl
614,fort-smith-ar,fort smith ar
615,fort-walton-beach-fl,fort walton beach fl
616,fort-wayne-in,fort wayne in
617,fort-worth-tx,fort worth tx
618,foster-city-ca,foster city ca
619,fountain-co,fountain co
620,fountain-hills-az,fountain hills az
621,fountain-valley-ca,fountain valley ca
622,frankfort-il,frankfort il
623,frankfort-ky,frankfort ky
624,franklin-in,franklin in
625,franklin-ma,franklin ma
626,franklin-park-il,franklin park il
627,franklin-tn,franklin tn
628,franklin-wi,franklin wi
629,frederick-md,frederick md
630,fredericksburg-va,fredericksburg va
631,freeport-il,freeport il
632,freeport-ny,freeport ny
633,fremont-ca,fremont ca
634,fremont-ne,fremont ne
635,fresno-ca,fresno ca
636,fridley-mn,fridley mn
637,friendswood-tx,friendswood tx
638,frisco-tx,frisco tx
639,fullerton-ca,fullerton ca
640,fuquay-varina-nc,fuquay varina nc
641,gadsden-al,gadsden al
642,gahanna-oh,gahanna oh
643,gainesville-fl,gainesville fl
644,gainesville-ga,gainesville ga
645,gaithersburg-md,gaithersburg md
646,galesburg-il,galesburg il
647,gallatin-tn,gallatin tn
648,gallup-nm,gallup nm
649,galt-ca,galt ca
650,galveston-tx,galveston tx
651,gardena-ca,gardena ca
652,garden-city-ks,garden city ks
653,garden-city-mi,garden city mi
654,garden-city-ny,garden city ny
655,garden-grove-ca,garden grove ca
656,gardner-ks,gardner ks
657,gardner-ma,gardner ma
658,garfield-heights-oh,garfield heights oh
659,garfield-nj,garfield nj
660,garland-tx,garland tx
661,garner-nc,garner nc
662,gary-in,gary in
663,gastonia-nc,gastonia nc
664,geneva-il,geneva il
665,georgetown-ky,georgetown ky
666,georgetown-tx,georgetown tx
667,germantown-tn,germantown tn
668,germantown-wi,germantown wi
669,gilbert-az,gilbert az
670,gillette-wy,gillette wy
671,gilroy-ca,gilroy ca
672,gladstone-mo,gladstone mo
673,glassboro-nj,glassboro nj
674,glen-cove-ny,glen cove ny
675,glendale-az,glendale az
676,glendale-ca,glendale ca
677,glendale-heights-il,glendale heights il
678,glendora-ca,glendora ca
679,glen-ellyn-il,glen ellyn il
680,glenview-il,glenview il
681,gloucester-ma,gloucester ma
682,godfrey-il,godfrey il
683,golden-co,golden co
684,golden-valley-mn,golden valley mn
685,goldsboro-nc,goldsboro nc
686,goleta-ca,goleta ca
687,goodlettsville-tn,goodlettsville tn
688,goodyear-az,goodyear az
689,goose-creek-sc,goose creek sc
690,goshen-in,goshen in
691,grand-forks-nd,grand forks nd
692,grand-island-ne,grand island ne
693,grand-junction-co,grand junction co
694,grand-prairie-tx,grand prairie tx
695,grand-rapids-mi,grand rapids mi
696,grandview-mo,grandview mo
697,granite-city-il,granite city il
698,grants-pass-or,grants pass or
699,grapevine-tx,grapevine tx
700,grayslake-il,grayslake il
701,great-falls-mt,great falls mt
702,greeley-co,greeley co
703,greenacres-fl,greenacres fl
704,green-bay-wi,green bay wi
705,greenbelt-md,greenbelt md
706,greenfield-in,greenfield in
707,greenfield-wi,greenfield wi
708,green-oh,green oh
709,greensboro-nc,greensboro nc
710,greenville-ms,greenville ms
711,greenville-nc,greenville nc
712,greenville-sc,greenville sc
713,greenville-tx,greenville tx
714,greenwood-in,greenwood in
715,greenwood-sc,greenwood sc
716,greer-sc,greer sc
717,gresham-or,gresham or
718,gretna-la,gretna la
719,griffin-ga,griffin ga
720,grove-city-oh,grove city oh
721,gulfport-ms,gulfport ms
722,gurnee-il,gurnee il
723,hackensack-nj,hackensack nj
724,hadley-ma,hadley ma
725,hagerstown-md,hagerstown md
726,haines-city-fl,haines city fl
727,hallandale-beach-fl,hallandale beach fl
728,haltom-city-tx,haltom city tx
729,hamilton-oh,hamilton oh
730,hammond-in,hammond in
731,hammond-la,hammond la
732,hampton-va,hampton va
733,hamtramck-mi,hamtramck mi
734,hanford-ca,hanford ca
735,hannibal-mo,hannibal mo
736,hanover-park-il,hanover park il
737,harker-heights-tx,harker heights tx
738,harlingen-tx,harlingen tx
739,harrisburg-pa,harrisburg pa
740,harrisonburg-va,harrisonburg va
741,harrison-ny,harrison ny
742,hartford-ct,hartford ct
743,harvey-il,harvey il
744,hastings-mn,hastings mn
745,hastings-ne,hastings ne
746,hattiesburg-ms,hattiesburg ms
747,havelock-nc,havelock nc
748,haverhill-ma,haverhill ma
749,hawthorne-ca,hawthorne ca
750,hawthorne-nj,hawthorne nj
751,hays-ks,hays ks
752,hayward-ca,hayward ca
753,hazel-park-mi,hazel park mi
754,hazelwood-mo,hazelwood mo
755,hazleton-pa,hazleton pa
756,helena-mt,helena mt
757,hemet-ca,hemet ca
758,hempstead-ny,hempstead ny
759,henderson-ky,henderson ky
760,henderson-nv,henderson nv
761,hendersonville-tn,hendersonville tn
762,hercules-ca,hercules ca
763,hermosa-beach-ca,hermosa beach ca
764,herndon-va,herndon va
765,herriman-ut,herriman ut
766,hesperia-ca,hesperia ca
767,hialeah-fl,hialeah fl
768,hialeah-gardens-fl,hialeah gardens fl
769,hickory-nc,hickory nc
770,highland-ca,highland ca
771,highland-in,highland in
772,highland-park-il,highland park il
773,highland-village-tx,highland village tx
774,high-point-nc,high point nc
775,hilliard-oh,hilliard oh
776,hillsboro-or,hillsboro or
777,hilton-head-island-sc,hilton head island sc
778,hinesville-ga,hinesville ga
779,hinsdale-il,hinsdale il
780,hobart-in,hobart in
781,hobbs-nm,hobbs nm
782,hoboken-nj,hoboken nj
783,hoffman-estates-il,hoffman estates il
784,holladay-ut,holladay ut
785,holland-mi,holland mi
786,hollister-ca,hollister ca
787,holly-springs-nc,holly springs nc
788,hollywood-fl,hollywood fl
789,holyoke-ma,holyoke ma
790,homer-glen-il,homer glen il
791,homestead-fl,homestead fl
792,homewood-al,homewood al
793,homewood-il,homewood il
794,honolulu-hi,honolulu hi
795,hoover-al,hoover al
796,hopewell-va,hopewell va
797,hopkins-mn,hopkins mn
798,hopkinsville-ky,hopkinsville ky
799,horn-lake-ms,horn lake ms
800,hot-springs-ar,hot springs ar
801,houma-la,houma la
802,houston-tx,houston tx
803,howard-wi,howard wi
804,huber-heights-oh,huber heights oh
805,hudson-oh,hudson oh
806,huntersville-nc,huntersville nc
807,huntington-beach-ca,huntington beach ca
808,huntington-in,huntington in
809,huntington-park-ca,huntington park ca
810,huntington-wv,huntington wv
811,huntley-il,huntley il
812,huntsville-al,huntsville al
813,huntsville-tx,huntsville tx
814,hurst-tx,hurst tx
815,hutchinson-ks,hutchinson ks
816,idaho-falls-id,idaho falls id
817,imperial-beach-ca,imperial beach ca
818,independence-ky,independence ky
819,independence-mo,independence mo
820,indianapolis-in,indianapolis in
821,indian-trail-nc,indian trail nc
822,indio-ca,indio ca
823,inglewood-ca,inglewood ca
824,inkster-mi,inkster mi
825,inver-grove-heights-mn,inver grove heights mn
826,iowa-city-ia,iowa city ia
827,irvine-ca,irvine ca
828,irving-tx,irving tx
829,issaquah-wa,issaquah wa
830,ithaca-ny,ithaca ny
831,jackson-mi,jackson mi
832,jackson-ms,jackson ms
833,jackson-tn,jackson tn
834,jacksonville-ar,jacksonville ar
835,jacksonville-beach-fl,jacksonville beach fl
836,jacksonville-fl,jacksonville fl
837,jacksonville-il,jacksonville il
838,jacksonville-nc,jacksonville nc
839,jamestown-ny,jamestown ny
840,janesville-wi,janesville wi
841,jefferson-city-mo,jefferson city mo
842,jeffersontown-ky,jeffersontown ky
843,jeffersonville-in,jeffersonville in
844,jersey-city-nj,jersey city nj
845,johns-creek-ga,johns creek ga
846,johnson-city-tn,johnson city tn
847,johnstown-pa,johnstown pa
848,joliet-il,joliet il
849,jonesboro-ar,jonesboro ar
850,joplin-mo,joplin mo
851,junction-city-ks,junction city ks
852,juneau-ak,juneau ak
853,jupiter-fl,jupiter fl
854,kalamazoo-mi,kalamazoo mi
855,kalispell-mt,kalispell mt
856,kankakee-il,kankakee il
857,kannapolis-nc,kannapolis nc
858,kansas-city-ks,kansas city ks
859,kansas-city-mo,kansas city mo
860,kaysville-ut,kaysville ut
861,kearney-ne,kearney ne
862,kearny-nj,kearny nj
863,keene-nh,keene nh
864,keizer-or,keizer or
865,keller-tx,keller tx
866,kenmore-wa,kenmore wa
867,kenner-la,kenner la
868,kennesaw-ga,kennesaw ga
869,kennewick-wa,kennewick wa
870,kenosha-wi,kenosha wi
871,kent-oh,kent oh
872,kent-wa,kent wa
873,kentwood-mi,kentwood mi
874,kernersville-nc,kernersville nc
875,kerrville-tx,kerrville tx
876,kettering-oh,kettering oh
877,key-west-fl,key west fl
878,killeen-tx,killeen tx
879,kingman-az,kingman az
880,kingsport-tn,kingsport tn
881,kingston-ny,kingston ny
882,kingsville-tx,kingsville tx
883,kinston-nc,kinston nc
884,kirkland-wa,kirkland wa
885,kirksville-mo,kirksville mo
886,kirkwood-mo,kirkwood mo
887,kiryas-joel-ny,kiryas joel ny
888,kissimmee-fl,kissimmee fl
889,klamath-falls-or,klamath falls or
890,knoxville-tn,knoxville tn
891,kokomo-in,kokomo in
892,kyle-tx,kyle tx
893,la-caada-flintridge-ca,la caada flintridge ca
894,lacey-wa,lacey wa
895,lackawanna-ny,lackawanna ny
896,laconia-nh,laconia nh
897,lacrosse-wi,lacrosse wi
898,la-crosse-wi,la crosse wi
899,lafayette-ca,lafayette ca
900,lafayette-co,lafayette co
901,lafayette-in,lafayette in
902,lafayette-la,lafayette la
903,lagrange-ga,lagrange ga
904,laguna-beach-ca,laguna beach ca
905,laguna-hills-ca,laguna hills ca
906,laguna-niguel-ca,laguna niguel ca
907,laguna-woods-ca,laguna woods ca
908,la-habra-ca,la habra ca
909,lake-charles-la,lake charles la
910,lake-elsinore-ca,lake elsinore ca
911,lake-forest-ca,lake forest ca
912,lake-forest-il,lake forest il
913,lake-havasu-city-az,lake havasu city az
914,lake-in-the-hills-il,lake in the hills il
915,lake-jackson-tx,lake jackson tx
916,lakeland-fl,lakeland fl
917,lake-oswego-or,lake oswego or
918,lakeville-mn,lakeville mn
919,lakewood-ca,lakewood ca
920,lakewood-co,lakewood co
921,lakewood-oh,lakewood oh
922,lakewood-wa,lakewood wa
923,lake-worth-fl,lake worth fl
924,lake-zurich-il,lake zurich il
925,la-mesa-ca,la mesa ca
926,la-mirada-ca,la mirada ca
927,lancaster-ca,lancaster ca
928,lancaster-oh,lancaster oh
929,lancaster-pa,lancaster pa
930,lancaster-tx,lancaster tx
931,lansing-il,lansing il
932,lansing-mi,lansing mi
933,la-porte-in,la porte in
934,la-porte-tx,la porte tx
935,la-puente-ca,la puente ca
936,la-quinta-ca,la quinta ca
937,laramie-wy,laramie wy
938,laredo-tx,laredo tx
939,largo-fl,largo fl
940,las-cruces-nm,las cruces nm
941,las-vegas-nv,las vegas nv
942,lathrop-ca,lathrop ca
943,lauderdale-lakes-fl,lauderdale lakes fl
944,lauderhill-fl,lauderhill fl
945,laurel-md,laurel md
946,laurel-ms,laurel ms
947,la-vergne-tn,la vergne tn
948,la-verne-ca,la verne ca
949,la-vista-ne,la vista ne
950,lawndale-ca,lawndale ca
951,lawrence-in,lawrence in
952,lawrence-ks,lawrence ks
953,lawrence-ma,lawrence ma
954,lawrenceville-ga,lawrenceville ga
955,lawton-ok,lawton ok
956,layton-ut,layton ut
957,league-city-tx,league city tx
958,leander-tx,leander tx
959,leavenworth-ks,leavenworth ks
960,leawood-ks,leawood ks
961,lebanon-oh,lebanon oh
962,lebanon-pa,lebanon pa
963,lebanon-tn,lebanon tn
964,leesburg-fl,leesburg fl
965,leesburg-va,leesburg va
966,lees-summit-mo,lees summit mo
967,lehi-ut,lehi ut
968,lemon-grove-ca,lemon grove ca
969,lemoore-ca,lemoore ca
970,lenexa-ks,lenexa ks
971,lenoir-nc,lenoir nc
972,leominster-ma,leominster ma
973,lewiston-id,lewiston id
974,lewiston-me,lewiston me
975,lewisville-tx,lewisville tx
976,lexington-ky,lexington ky
977,lexington-nc,lexington nc
978,liberal-ks,liberal ks
979,liberty-mo,liberty mo
980,libertyville-il,libertyville il
981,lima-oh,lima oh
982,lincoln-ca,lincoln ca
983,lincoln-ne,lincoln ne
984,lincoln-park-mi,lincoln park mi
985,lindenhurst-ny,lindenhurst ny
986,linden-nj,linden nj
987,lindenwold-nj,lindenwold nj
988,lino-lakes-mn,lino lakes mn
989,lisle-il,lisle il
990,little-elm-tx,little elm tx
991,little-rock-ar,little rock ar
992,littleton-co,littleton co
993,livermore-ca,livermore ca
994,livonia-mi,livonia mi
995,lockport-il,lockport il
996,lockport-ny,lockport ny
997,lodi-ca,lodi ca
998,lodi-nj,lodi nj
999,logansport-in,logansport in
1000,logan-ut,logan ut
1001,loma-linda-ca,loma linda ca
1002,lombard-il,lombard il
1003,lomita-ca,lomita ca
1004,lompoc-ca,lompoc ca
1005,long-beach-ca,long beach ca
1006,long-beach-ny,long beach ny
1007,long-branch-nj,long branch nj
1008,longmont-co,longmont co
1009,longview-tx,longview tx
1010,longview-wa,longview wa
1011,lorain-oh,lorain oh
1012,los-altos-ca,los altos ca
1013,los-angeles-ca,los angeles ca
1014,los-gatos-ca,los gatos ca
1015,louisville-co,louisville co
1016,louisville-ky,louisville ky
1017,loveland-co,loveland co
1018,loves-park-il,loves park il
1019,lowell-ma,lowell ma
1020,lubbock-tx,lubbock tx
1021,lufkin-tx,lufkin tx
1022,lumberton-nc,lumberton nc
1023,lynbrook-ny,lynbrook ny
1024,lynchburg-va,lynchburg va
1025,lynn-ma,lynn ma
1026,lynnwood-wa,lynnwood wa
1027,lynwood-ca,lynwood ca
1028,machesney-park-il,machesney park il
1029,macomb-il,macomb il
1030,macon-ga,macon ga
1031,madera-ca,madera ca
1032,madison-al,madison al
1033,madison-heights-mi,madison heights mi
1034,madison-ms,madison ms
1035,madisonville-ky,madisonville ky
1036,madison-wi,madison wi
1037,malden-ma,malden ma
1038,mamaroneck-ny,mamaroneck ny
1039,manassas-va,manassas va
1040,manchester-mo,manchester mo
1041,manchester-nh,manchester nh
1042,mandan-nd,mandan nd
1043,manhattan-beach-ca,manhattan beach ca
1044,manhattan-ks,manhattan ks
1045,manhattan-ny,manhattan ny
1046,manitowoc-wi,manitowoc wi
1047,mankato-mn,mankato mn
1048,mansfield-oh,mansfield oh
1049,mansfield-tx,mansfield tx
1050,manteca-ca,manteca ca
1051,maple-grove-mn,maple grove mn
1052,maple-heights-oh,maple heights oh
1053,maple-valley-wa,maple valley wa
1054,maplewood-mn,maplewood mn
1055,marana-az,marana az
1056,margate-fl,margate fl
1057,maricopa-az,maricopa az
1058,marietta-ga,marietta ga
1059,marina-ca,marina ca
1060,marion-ia,marion ia
1061,marion-il,marion il
1062,marion-in,marion in
1063,marion-oh,marion oh
1064,marlborough-ma,marlborough ma
1065,marquette-mi,marquette mi
1066,marshalltown-ia,marshalltown ia
1067,marshall-tx,marshall tx
1068,marshfield-wi,marshfield wi
1069,martinez-ca,martinez ca
1070,martinsburg-wv,martinsburg wv
1071,maryland-heights-mo,maryland heights mo
1072,marysville-oh,marysville oh
1073,marysville-wa,marysville wa
1074,maryville-tn,maryville tn
1075,mason-city-ia,mason city ia
1076,mason-oh,mason oh
1077,massapequa-park-ny,massapequa park ny
1078,massillon-oh,massillon oh
1079,matteson-il,matteson il
1080,matthews-nc,matthews nc
1081,mattoon-il,mattoon il
1082,mauldin-sc,mauldin sc
1083,mayfield-heights-oh,mayfield heights oh
1084,maywood-ca,maywood ca
1085,maywood-il,maywood il
1086,mcalester-ok,mcalester ok
1087,mcallen-tx,mcallen tx
1088,mcdonough-ga,mcdonough ga
1089,mchenry-il,mchenry il
1090,mckeesport-pa,mckeesport pa
1091,mckinney-tx,mckinney tx
1092,mcminnville-or,mcminnville or
1093,medford-ma,medford ma
1094,medford-or,medford or
1095,medina-oh,medina oh
1096,melbourne-fl,melbourne fl
1097,melrose-ma,melrose ma
1098,melrose-park-il,melrose park il
1099,memphis-tn,memphis tn
1100,menasha-wi,menasha wi
1101,menifee-ca,menifee ca
1102,menlo-park-ca,menlo park ca
1103,menomonee-falls-wi,menomonee falls wi
1104,mentor-oh,mentor oh
1105,mequon-wi,mequon wi
1106,merced-ca,merced ca
1107,mercer-island-wa,mercer island wa
1108,meriden-ct,meriden ct
1109,meridian-id,meridian id
1110,meridian-ms,meridian ms
1111,merrillville-in,merrillville in
1112,mesa-az,mesa az
1113,mesquite-nv,mesquite nv
1114,mesquite-tx,mesquite tx
1115,methuen-ma,methuen ma
1116,miami-beach-fl,miami beach fl
1117,miami-fl,miami fl
1118,miami-gardens-fl,miami gardens fl
1119,miami-lakes-fl,miami lakes fl
1120,miamisburg-oh,miamisburg oh
1121,michigan-city-in,michigan city in
1122,middleton-wi,middleton wi
1123,middletown-ct,middletown ct
1124,middletown-ny,middletown ny
1125,middletown-oh,middletown oh
1126,midland-mi,midland mi
1127,midland-tx,midland tx
1128,midlothian-tx,midlothian tx
1129,midvale-ut,midvale ut
1130,midwest-city-ok,midwest city ok
1131,milford-ct,milford ct
1132,millbrae-ca,millbrae ca
1133,millbrook-al,millbrook al
1134,mill-creek-wa,mill creek wa
1135,milledgeville-ga,milledgeville ga
1136,millville-nj,millville nj
1137,milpitas-ca,milpitas ca
1138,milwaukee-wi,milwaukee wi
1139,milwaukie-or,milwaukie or
1140,mineola-ny,mineola ny
1141,mineral-wells-tx,mineral wells tx
1142,minneapolis-mn,minneapolis mn
1143,minnetonka-mn,minnetonka mn
1144,minot-nd,minot nd
1145,mint-hill-nc,mint hill nc
1146,miramar-fl,miramar fl
1147,mishawaka-in,mishawaka in
1148,mission-tx,mission tx
1149,mission-viejo-ca,mission viejo ca
1150,missoula-mt,missoula mt
1151,missouri-city-tx,missouri city tx
1152,mobile-al,mobile al
1153,modesto-ca,modesto ca
1154,mokena-il,mokena il
1155,moline-il,moline il
1156,monroe-la,monroe la
1157,monroe-mi,monroe mi
1158,monroe-nc,monroe nc
1159,monroeville-pa,monroeville pa
1160,monroe-wa,monroe wa
1161,monrovia-ca,monrovia ca
1162,montclair-ca,montclair ca
1163,montebello-ca,montebello ca
1164,monterey-ca,monterey ca
1165,monterey-park-ca,monterey park ca
1166,montgomery-al,montgomery al
1167,montrose-co,montrose co
1168,moore-ok,moore ok
1169,mooresville-nc,mooresville nc
1170,moorhead-mn,moorhead mn
1171,moorpark-ca,moorpark ca
1172,moraga-ca,moraga ca
1173,moreno-valley-ca,moreno valley ca
1174,morgan-hill-ca,morgan hill ca
1175,morganton-nc,morganton nc
1176,morgantown-wv,morgantown wv
1177,morristown-nj,morristown nj
1178,morristown-tn,morristown tn
1179,morton-grove-il,morton grove il
1180,moscow-id,moscow id
1181,moses-lake-wa,moses lake wa
1182,mountain-brook-al,mountain brook al
1183,mountain-view-ca,mountain view ca
1184,mount-juliet-tn,mount juliet tn
1185,mountlake-terrace-wa,mountlake terrace wa
1186,mount-pleasant-mi,mount pleasant mi
1187,mount-pleasant-sc,mount pleasant sc
1188,mount-pleasant-wi,mount pleasant wi
1189,mount-prospect-il,mount prospect il
1190,mount-vernon-ny,mount vernon ny
1191,mount-vernon-wa,mount vernon wa
1192,mukilteo-wa,mukilteo wa
1193,muncie-in,muncie in
1194,mundelein-il,mundelein il
1195,munster-in,munster in
1196,murfreesboro-tn,murfreesboro tn
1197,murray-ut,murray ut
1198,murrieta-ca,murrieta ca
1199,murrysville-pa,murrysville pa
1200,muscatine-ia,muscatine ia
1201,muskegon-mi,muskegon mi
1202,muskego-wi,muskego wi
1203,muskogee-ok,muskogee ok
1204,mustang-ok,mustang ok
1205,myrtle-beach-sc,myrtle beach sc
1206,nacogdoches-tx,nacogdoches tx
1207,nampa-id,nampa id
1208,napa-ca,napa ca
1209,naperville-il,naperville il
1210,naples-fl,naples fl
1211,nashua-nh,nashua nh
1212,nashville-tn,nashville tn
1213,natchitoches-la,natchitoches la
1214,national-city-ca,national city ca
1215,naugatuck-ct,naugatuck ct
1216,neenah-wi,neenah wi
1217,new-albany-in,new albany in
1218,newark-ca,newark ca
1219,newark-de,newark de
1220,newark-nj,newark nj
1221,newark-oh,newark oh
1222,new-bedford-ma,new bedford ma
1223,newberg-or,newberg or
1224,new-berlin-wi,new berlin wi
1225,new-bern-nc,new bern nc
1226,new-braunfels-tx,new braunfels tx
1227,new-brighton-mn,new brighton mn
1228,new-britain-ct,new britain ct
1229,new-brunswick-nj,new brunswick nj
1230,newburgh-ny,newburgh ny
1231,newburyport-ma,newburyport ma
1232,new-castle-in,new castle in
1233,new-castle-pa,new castle pa
1234,new-haven-ct,new haven ct
1235,new-hope-mn,new hope mn
1236,new-iberia-la,new iberia la
1237,new-lenox-il,new lenox il
1238,new-london-ct,new london ct
1239,newnan-ga,newnan ga
1240,new-orleans-la,new orleans la
1241,new-philadelphia-oh,new philadelphia oh
1242,newport-beach-ca,newport beach ca
1243,newport-news-va,newport news va
1244,newport-ri,newport ri
1245,new-port-richey-fl,new port richey fl
1246,new-rochelle-ny,new rochelle ny
1247,new-smyrna-beach-fl,new smyrna beach fl
1248,newton-ks,newton ks
1249,newton-ma,newton ma
1250,new-york-ny,new york ny
1251,niagara-falls-ny,niagara falls ny
1252,nicholasville-ky,nicholasville ky
1253,niles-il,niles il
1254,niles-oh,niles oh
1255,nixa-mo,nixa mo
1256,noblesville-in,noblesville in
1257,nogales-az,nogales az
1258,norco-ca,norco ca
1259,norfolk-ne,norfolk ne
1260,norfolk-va,norfolk va
1261,normal-il,normal il
1262,norman-ok,norman ok
1263,norristown-pa,norristown pa
1264,northampton-ma,northampton ma
1265,north-augusta-sc,north augusta sc
1266,northbrook-il,northbrook il
1267,north-canton-oh,north canton oh
1268,north-charleston-sc,north charleston sc
1269,north-chicago-il,north chicago il
1270,northfield-mn,northfield mn
1271,northglenn-co,northglenn co
1272,north-las-vegas-nv,north las vegas nv
1273,north-lauderdale-fl,north lauderdale fl
1274,north-little-rock-ar,north little rock ar
1275,north-miami-beach-fl,north miami beach fl
1276,north-miami-fl,north miami fl
1277,north-ogden-ut,north ogden ut
1278,north-olmsted-oh,north olmsted oh
1279,north-plainfield-nj,north plainfield nj
1280,north-platte-ne,north platte ne
1281,northport-al,northport al
1282,north-port-fl,north port fl
1283,north-richland-hills-tx,north richland hills tx
1284,north-ridgeville-oh,north ridgeville oh
1285,north-royalton-oh,north royalton oh
1286,north-tonawanda-ny,north tonawanda ny
1287,norton-shores-mi,norton shores mi
1288,norwalk-ca,norwalk ca
1289,norwalk-ct,norwalk ct
1290,norwalk-oh,norwalk oh
1291,norwich-ct,norwich ct
1292,norwood-oh,norwood oh
1293,novato-ca,novato ca
1294,novi-mi,novi mi
1295,oak-creek-wi,oak creek wi
1296,oakdale-ca,oakdale ca
1297,oakdale-mn,oakdale mn
1298,oak-forest-il,oak forest il
1299,oak-harbor-wa,oak harbor wa
1300,oakland-ca,oakland ca
1301,oakland-park-fl,oakland park fl
1302,oak-lawn-il,oak lawn il
1303,oakley-ca,oakley ca
1304,oak-park-il,oak park il
1305,oak-park-mi,oak park mi
1306,oak-ridge-tn,oak ridge tn
1307,ocala-fl,ocala fl
1308,oceanside-ca,oceanside ca
1309,ocean-springs-ms,ocean springs ms
1310,ocoee-fl,ocoee fl
1311,odessa-tx,odessa tx
1312,ofallon-il,ofallon il
1313,ofallon-mo,ofallon mo
1314,ogden-ut,ogden ut
1315,oklahoma-city-ok,oklahoma city ok
1316,olathe-ks,olathe ks
1317,olive-branch-ms,olive branch ms
1318,olympia-wa,olympia wa
1319,omaha-ne,omaha ne
1320,onalaska-wi,onalaska wi
1321,ontario-ca,ontario ca
1322,opelika-al,opelika al
1323,opelousas-la,opelousas la
1324,orange-ca,orange ca
1325,orange-tx,orange tx
1326,oregon-city-or,oregon city or
1327,oregon-oh,oregon oh
1328,orem-ut,orem ut
1329,orinda-ca,orinda ca
1330,orlando-fl,orlando fl
1331,orland-park-il,orland park il
1332,ormond-beach-fl,ormond beach fl
1333,oro-valley-az,oro valley az
1334,oshkosh-wi,oshkosh wi
1335,ossining-ny,ossining ny
1336,oswego-il,oswego il
1337,oswego-ny,oswego ny
1338,ottawa-il,ottawa il
1339,ottumwa-ia,ottumwa ia
1340,overland-park-ks,overland park ks
1341,oviedo-fl,oviedo fl
1342,owasso-ok,owasso ok
1343,owatonna-mn,owatonna mn
1344,owensboro-ky,owensboro ky
1345,oxford-al,oxford al
1346,oxford-ms,oxford ms
1347,oxford-oh,oxford oh
1348,oxnard-ca,oxnard ca
1349,ozark-mo,ozark mo
1350,pacifica-ca,pacifica ca
1351,paducah-ky,paducah ky
1352,painesville-oh,painesville oh
1353,palatine-il,palatine il
1354,palestine-tx,palestine tx
1355,palisades-park-nj,palisades park nj
1356,palm-bay-fl,palm bay fl
1357,palm-beach-gardens-fl,palm beach gardens fl
1358,palm-coast-fl,palm coast fl
1359,palmdale-ca,palmdale ca
1360,palm-desert-ca,palm desert ca
1361,palmetto-bay-fl,palmetto bay fl
1362,palm-springs-ca,palm springs ca
1363,palm-springs-fl,palm springs fl
1364,palo-alto-ca,palo alto ca
1365,palos-hills-il,palos hills il
1366,pampa-tx,pampa tx
1367,panama-city-fl,panama city fl
1368,papillion-ne,papillion ne
1369,paradise-ca,paradise ca
1370,paragould-ar,paragould ar
1371,paramount-ca,paramount ca
1372,paramus-nj,paramus nj
1373,paris-tx,paris tx
1374,parker-co,parker co
1375,parkersburg-wv,parkersburg wv
1376,park-forest-il,park forest il
1377,parkland-fl,parkland fl
1378,park-ridge-il,park ridge il
1379,parma-heights-oh,parma heights oh
1380,parma-oh,parma oh
1381,pasadena-ca,pasadena ca
1382,pasadena-tx,pasadena tx
1383,pascagoula-ms,pascagoula ms
1384,pasco-wa,pasco wa
1385,paso-robles-ca,paso robles ca
1386,passaic-nj,passaic nj
1387,paterson-nj,paterson nj
1388,patterson-ca,patterson ca
1389,pawtucket-ri,pawtucket ri
1390,payson-ut,payson ut
1391,peabody-ma,peabody ma
1392,peachtree-city-ga,peachtree city ga
1393,pearland-tx,pearland tx
1394,pearl-ms,pearl ms
1395,peekskill-ny,peekskill ny
1396,pekin-il,pekin il
1397,pelham-al,pelham al
1398,pembroke-pines-fl,pembroke pines fl
1399,pensacola-fl,pensacola fl
1400,peoria-az,peoria az
1401,peoria-il,peoria il
1402,perris-ca,perris ca
1403,perrysburg-oh,perrysburg oh
1404,perth-amboy-nj,perth amboy nj
1405,petaluma-ca,petaluma ca
1406,petersburg-va,petersburg va
1407,pflugerville-tx,pflugerville tx
1408,pharr-tx,pharr tx
1409,phenix-city-al,phenix city al
1410,philadelphia-pa,philadelphia pa
1411,phoenix-az,phoenix az
1412,pickerington-oh,pickerington oh
1413,pico-rivera-ca,pico rivera ca
1414,pine-bluff-ar,pine bluff ar
1415,pinecrest-fl,pinecrest fl
1416,pinellas-park-fl,pinellas park fl
1417,pinole-ca,pinole ca
1418,piqua-oh,piqua oh
1419,piscataway-nj,piscataway nj
1420,pittsburg-ca,pittsburg ca
1421,pittsburgh-pa,pittsburgh pa
1422,pittsburg-ks,pittsburg ks
1423,pittsfield-ma,pittsfield ma
1424,placentia-ca,placentia ca
1425,plainfield-il,plainfield il
1426,plainfield-in,plainfield in
1427,plainfield-nj,plainfield nj
1428,plainview-tx,plainview tx
1429,plano-tx,plano tx
1430,plantation-fl,plantation fl
1431,plant-city-fl,plant city fl
1432,plattsburgh-ny,plattsburgh ny
1433,pleasant-grove-ut,pleasant grove ut
1434,pleasant-hill-ca,pleasant hill ca
1435,pleasanton-ca,pleasanton ca
1436,pleasant-prairie-wi,pleasant prairie wi
1437,pleasantville-nj,pleasantville nj
1438,plum-pa,plum pa
1439,plymouth-mn,plymouth mn
1440,pocatello-id,pocatello id
1441,point-pleasant-nj,point pleasant nj
1442,pomona-ca,pomona ca
1443,pompano-beach-fl,pompano beach fl
1444,ponca-city-ok,ponca city ok
1445,pontiac-mi,pontiac mi
1446,poplar-bluff-mo,poplar bluff mo
1447,portage-in,portage in
1448,portage-mi,portage mi
1449,port-angeles-wa,port angeles wa
1450,port-arthur-tx,port arthur tx
1451,port-chester-ny,port chester ny
1452,porterville-ca,porterville ca
1453,port-hueneme-ca,port hueneme ca
1454,port-huron-mi,port huron mi
1455,portland-me,portland me
1456,portland-or,portland or
1457,port-orange-fl,port orange fl
1458,port-saint-lucie-fl,port saint lucie fl
1459,portsmouth-nh,portsmouth nh
1460,portsmouth-oh,portsmouth oh
1461,portsmouth-va,portsmouth va
1462,post-falls-id,post falls id
1463,pottstown-pa,pottstown pa
1464,poughkeepsie-ny,poughkeepsie ny
1465,poway-ca,poway ca
1466,prairie-village-ks,prairie village ks
1467,prattville-al,prattville al
1468,prescott-az,prescott az
1469,prescott-valley-az,prescott valley az
1470,prichard-al,prichard al
1471,prior-lake-mn,prior lake mn
1472,providence-ri,providence ri
1473,provo-ut,provo ut
1474,pueblo-co,pueblo co
1475,pullman-wa,pullman wa
1476,punta-gorda-fl,punta gorda fl
1477,puyallup-wa,puyallup wa
1478,queen-creek-az,queen creek az
1479,quincy-il,quincy il
1480,quincy-ma,quincy ma
1481,racine-wi,racine wi
1482,radcliff-ky,radcliff ky
1483,rahway-nj,rahway nj
1484,raleigh-nc,raleigh nc
1485,ramsey-mn,ramsey mn
1486,rancho-cordova-ca,rancho cordova ca
1487,rancho-cucamonga-ca,rancho cucamonga ca
1488,rancho-mirage-ca,rancho mirage ca
1489,rancho-palos-verdes-ca,rancho palos verdes ca
1490,rancho-santa-margarita-ca,rancho santa margarita ca
1491,rapid-city-sd,rapid city sd
1492,raymore-mo,raymore mo
1493,raytown-mo,raytown mo
1494,reading-pa,reading pa
1495,redding-ca,redding ca
1496,redlands-ca,redlands ca
1497,redmond-or,redmond or
1498,redmond-wa,redmond wa
1499,redondo-beach-ca,redondo beach ca
1500,redwood-city-ca,redwood city ca
1501,reedley-ca,reedley ca
1502,reno-nv,reno nv
1503,renton-wa,renton wa
1504,revere-ma,revere ma
1505,rexburg-id,rexburg id
1506,reynoldsburg-oh,reynoldsburg oh
1507,rialto-ca,rialto ca
1508,richardson-tx,richardson tx
1509,richfield-mn,richfield mn
1510,richland-wa,richland wa
1511,richmond-ca,richmond ca
1512,richmond-in,richmond in
1513,richmond-ky,richmond ky
1514,richmond-va,richmond va
1515,ridgecrest-ca,ridgecrest ca
1516,ridgeland-ms,ridgeland ms
1517,ridgewood-nj,ridgewood nj
1518,rio-rancho-nm,rio rancho nm
1519,riverbank-ca,riverbank ca
1520,riverside-ca,riverside ca
1521,riverside-oh,riverside oh
1522,riverton-ut,riverton ut
1523,riviera-beach-fl,riviera beach fl
1524,roanoke-va,roanoke va
1525,rochester-hills-mi,rochester hills mi
1526,rochester-mn,rochester mn
1527,rochester-nh,rochester nh
1528,rochester-ny,rochester ny
1529,rockford-il,rockford il
1530,rock-hill-sc,rock hill sc
1531,rock-island-il,rock island il
1532,rockledge-fl,rockledge fl
1533,rocklin-ca,rocklin ca
1534,rock-springs-wy,rock springs wy
1535,rockville-centre-ny,rockville centre ny
1536,rockville-md,rockville md
1537,rockwall-tx,rockwall tx
1538,rocky-mount-nc,rocky mount nc
1539,rocky-river-oh,rocky river oh
1540,rogers-ar,rogers ar
1541,rohnert-park-ca,rohnert park ca
1542,rolla-mo,rolla mo
1543,rolling-meadows-il,rolling meadows il
1544,rome-ga,rome ga
1545,rome-ny,rome ny
1546,romeoville-il,romeoville il
1547,romulus-mi,romulus mi
1548,roseburg-or,roseburg or
1549,roselle-il,roselle il
1550,roselle-nj,roselle nj
1551,rosemead-ca,rosemead ca
1552,rosemount-mn,rosemount mn
1553,rosenberg-tx,rosenberg tx
1554,roseville-ca,roseville ca
1555,roseville-mi,roseville mi
1556,roseville-mn,roseville mn
1557,roswell-ga,roswell ga
1558,roswell-nm,roswell nm
1559,round-lake-beach-il,round lake beach il
1560,round-rock-tx,round rock tx
1561,rowlett-tx,rowlett tx
1562,royal-oak-mi,royal oak mi
1563,royal-palm-beach-fl,royal palm beach fl
1564,roy-ut,roy ut
1565,russellville-ar,russellville ar
1566,ruston-la,ruston la
1567,rutherford-nj,rutherford nj
1568,sachse-tx,sachse tx
1569,saco-me,saco me
1570,sacramento-ca,sacramento ca
1571,safety-harbor-fl,safety harbor fl
1572,saginaw-mi,saginaw mi
1573,saginaw-tx,saginaw tx
1574,sahuarita-az,sahuarita az
1575,saint-charles-il,saint charles il
1576,saint-charles-mo,saint charles mo
1577,saint-clair-shores-mi,saint clair shores mi
1578,saint-cloud-fl,saint cloud fl
1579,saint-cloud-mn,saint cloud mn
1580,saint-george-ut,saint george ut
1581,saint-joseph-mo,saint joseph mo
1582,saint-louis-mo,saint louis mo
1583,saint-louis-park-mn,saint louis park mn
1584,saint-paul-mn,saint paul mn
1585,saint-petersburg-fl,saint petersburg fl
1586,saint-peters-mo,saint peters mo
1587,salem-ma,salem ma
1588,salem-or,salem or
1589,salem-va,salem va
1590,salina-ks,salina ks
1591,salinas-ca,salinas ca
1592,salisbury-md,salisbury md
1593,salisbury-nc,salisbury nc
1594,salt-lake-city-ut,salt lake city ut
1595,sammamish-wa,sammamish wa
1596,san-angelo-tx,san angelo tx
1597,san-antonio-tx,san antonio tx
1598,san-benito-tx,san benito tx
1599,san-bernardino-ca,san bernardino ca
1600,san-bruno-ca,san bruno ca
1601,san-buenaventura-ca,san buenaventura ca
1602,san-carlos-ca,san carlos ca
1603,san-clemente-ca,san clemente ca
1604,san-diego-ca,san diego ca
1605,san-dimas-ca,san dimas ca
1606,sand-springs-ok,sand springs ok
1607,sandusky-oh,sandusky oh
1608,sandy-springs-ga,sandy springs ga
1609,sandy-ut,sandy ut
1610,san-fernando-ca,san fernando ca
1611,sanford-fl,sanford fl
1612,sanford-nc,sanford nc
1613,san-francisco-ca,san francisco ca
1614,san-gabriel-ca,san gabriel ca
1615,sanger-ca,sanger ca
1616,san-jacinto-ca,san jacinto ca
1617,san-jose-ca,san jose ca
1618,san-juan-capistrano-ca,san juan capistrano ca
1619,san-juan-tx,san juan tx
1620,san-leandro-ca,san leandro ca
1621,san-luis-az,san luis az
1622,san-luis-obispo-ca,san luis obispo ca
1623,san-marcos-ca,san marcos ca
1624,san-marcos-tx,san marcos tx
1625,san-mateo-ca,san mateo ca
1626,san-pablo-ca,san pablo ca
1627,san-rafael-ca,san rafael ca
1628,san-ramon-ca,san ramon ca
1629,santa-ana-ca,santa ana ca
1630,santa-barbara-ca,santa barbara ca
1631,santa-clara-ca,santa clara ca
1632,santa-clarita-ca,santa clarita ca
1633,santa-cruz-ca,santa cruz ca
1634,santa-fe-nm,santa fe nm
1635,santa-fe-springs-ca,santa fe springs ca
1636,santa-maria-ca,santa maria ca
1637,santa-monica-ca,santa monica ca
1638,santa-paula-ca,santa paula ca
1639,santa-rosa-ca,santa rosa ca
1640,santee-ca,santee ca
1641,sapulpa-ok,sapulpa ok
1642,sarasota-fl,sarasota fl
1643,saratoga-ca,saratoga ca
1644,saratoga-springs-ny,saratoga springs ny
1645,savage-mn,savage mn
1646,savannah-ga,savannah ga
1647,sayreville-nj,sayreville nj
1648,scarsdale-ny,scarsdale ny
1649,schaumburg-il,schaumburg il
1650,schenectady-ny,schenectady ny
1651,schererville-in,schererville in
1652,schertz-tx,schertz tx
1653,scottsdale-az,scottsdale az
1654,scranton-pa,scranton pa
1655,seal-beach-ca,seal beach ca
1656,searcy-ar,searcy ar
1657,seaside-ca,seaside ca
1658,seatac-wa,seatac wa
1659,seattle-wa,seattle wa
1660,sebastian-fl,sebastian fl
1661,sebring-fl,sebring fl
1662,sedalia-mo,sedalia mo
1663,seguin-tx,seguin tx
1664,selma-al,selma al
1665,selma-ca,selma ca
1666,seminole-fl,seminole fl
1667,sevierville-tn,sevierville tn
1668,seymour-in,seymour in
1669,shaker-heights-oh,shaker heights oh
1670,shakopee-mn,shakopee mn
1671,shawnee-ks,shawnee ks
1672,shawnee-ok,shawnee ok
1673,sheboygan-wi,sheboygan wi
1674,shelby-nc,shelby nc
1675,shelbyville-in,shelbyville in
1676,shelbyville-tn,shelbyville tn
1677,shelton-ct,shelton ct
1678,sheridan-wy,sheridan wy
1679,sherman-tx,sherman tx
1680,sherwood-ar,sherwood ar
1681,sherwood-or,sherwood or
1682,shoreline-wa,shoreline wa
1683,shoreview-mn,shoreview mn
1684,shreveport-la,shreveport la
1685,sidney-oh,sidney oh
1686,sierra-vista-az,sierra vista az
1687,sikeston-mo,sikeston mo
1688,simi-valley-ca,simi valley ca
1689,simpsonville-sc,simpsonville sc
1690,sioux-city-ia,sioux city ia
1691,sioux-falls-sd,sioux falls sd
1692,skokie-il,skokie il
1693,slidell-la,slidell la
1694,smyrna-ga,smyrna ga
1695,smyrna-tn,smyrna tn
1696,snellville-ga,snellville ga
1697,socorro-tx,socorro tx
1698,soledad-ca,soledad ca
1699,solon-oh,solon oh
1700,somerville-ma,somerville ma
1701,southaven-ms,southaven ms
1702,south-bend-in,south bend in
1703,south-burlington-vt,south burlington vt
1704,south-elgin-il,south elgin il
1705,south-el-monte-ca,south el monte ca
1706,south-euclid-oh,south euclid oh
1707,southfield-mi,southfield mi
1708,south-gate-ca,south gate ca
1709,southgate-mi,southgate mi
1710,south-holland-il,south holland il
1711,south-jordan-ut,south jordan ut
1712,south-lake-tahoe-ca,south lake tahoe ca
1713,southlake-tx,southlake tx
1714,south-milwaukee-wi,south milwaukee wi
1715,south-pasadena-ca,south pasadena ca
1716,south-plainfield-nj,south plainfield nj
1717,south-portland-me,south portland me
1718,south-salt-lake-ut,south salt lake ut
1719,south-san-francisco-ca,south san francisco ca
1720,south-st-paul-mn,south st paul mn
1721,spanish-fork-ut,spanish fork ut
1722,sparks-nv,sparks nv
1723,spartanburg-sc,spartanburg sc
1724,spokane-valley-wa,spokane valley wa
1725,spokane-wa,spokane wa
1726,springboro-oh,springboro oh
1727,springdale-ar,springdale ar
1728,springfield-il,springfield il
1729,springfield-ma,springfield ma
1730,springfield-mo,springfield mo
1731,springfield-oh,springfield oh
1732,springfield-or,springfield or
1733,springfield-tn,springfield tn
1734,spring-hill-tn,spring hill tn
1735,spring-valley-ny,spring valley ny
1736,springville-ut,springville ut
1737,stafford-tx,stafford tx
1738,stamford-ct,stamford ct
1739,stanton-ca,stanton ca
1740,starkville-ms,starkville ms
1741,state-college-pa,state college pa
1742,statesboro-ga,statesboro ga
1743,statesville-nc,statesville nc
1744,staunton-va,staunton va
1745,stephenville-tx,stephenville tx
1746,sterling-heights-mi,sterling heights mi
1747,steubenville-oh,steubenville oh
1748,stevens-point-wi,stevens point wi
1749,stillwater-mn,stillwater mn
1750,stillwater-ok,stillwater ok
1751,st-marys-ga,st marys ga
1752,st-matthews-ky,st matthews ky
1753,stockton-ca,stockton ca
1754,stow-oh,stow oh
1755,streamwood-il,streamwood il
1756,strongsville-oh,strongsville oh
1757,suffolk-va,suffolk va
1758,sugar-hill-ga,sugar hill ga
1759,sugarland-tx,sugarland tx
1760,suisun-city-ca,suisun city ca
1761,sulphur-la,sulphur la
1762,summerville-sc,summerville sc
1763,summit-nj,summit nj
1764,sumter-sc,sumter sc
1765,sunny-isles-beach-fl,sunny isles beach fl
1766,sunnyvale-ca,sunnyvale ca
1767,sun-prairie-wi,sun prairie wi
1768,sunrise-fl,sunrise fl
1769,superior-wi,superior wi
1770,surprise-az,surprise az
1771,susanville-ca,susanville ca
1772,sycamore-il,sycamore il
1773,sylvania-oh,sylvania oh
1774,syracuse-ny,syracuse ny
1775,syracuse-ut,syracuse ut
1776,tacoma-wa,tacoma wa
1777,takoma-park-md,takoma park md
1778,tallahassee-fl,tallahassee fl
1779,tallmadge-oh,tallmadge oh
1780,tamarac-fl,tamarac fl
1781,tampa-fl,tampa fl
1782,tarpon-springs-fl,tarpon springs fl
1783,taunton-ma,taunton ma
1784,taylor-mi,taylor mi
1785,taylorsville-ut,taylorsville ut
1786,temecula-ca,temecula ca
1787,tempe-az,tempe az
1788,temple-city-ca,temple city ca
1789,temple-terrace-fl,temple terrace fl
1790,temple-tx,temple tx
1791,terre-haute-in,terre haute in
1792,terrell-tx,terrell tx
1793,texarkana-ar,texarkana ar
1794,texarkana-tx,texarkana tx
1795,texas-city-tx,texas city tx
1796,the-colony-tx,the colony tx
1797,thomasville-ga,thomasville ga
1798,thomasville-nc,thomasville nc
1799,thornton-co,thornton co
1800,thousand-oaks-ca,thousand oaks ca
1801,tiffin-oh,tiffin oh
1802,tifton-ga,tifton ga
1803,tigard-or,tigard or
1804,tinley-park-il,tinley park il
1805,tinton-falls-nj,tinton falls nj
1806,titusville-fl,titusville fl
1807,toledo-oh,toledo oh
1808,tooele-ut,tooele ut
1809,topeka-ks,topeka ks
1810,torrance-ca,torrance ca
1811,torrington-ct,torrington ct
1812,tracy-ca,tracy ca
1813,traverse-city-mi,traverse city mi
1814,trenton-mi,trenton mi
1815,trenton-nj,trenton nj
1816,trotwood-oh,trotwood oh
1817,troy-mi,troy mi
1818,troy-ny,troy ny
1819,troy-oh,troy oh
1820,trussville-al,trussville al
1821,tualatin-or,tualatin or
1822,tucson-az,tucson az
1823,tukwila-wa,tukwila wa
1824,tulare-ca,tulare ca
1825,tullahoma-tn,tullahoma tn
1826,tulsa-ok,tulsa ok
1827,tupelo-ms,tupelo ms
1828,turlock-ca,turlock ca
1829,tuscaloosa-al,tuscaloosa al
1830,tustin-ca,tustin ca
1831,twentynine-palms-ca,twentynine palms ca
1832,twin-falls-id,twin falls id
1833,twinsburg-oh,twinsburg oh
1834,tyler-tx,tyler tx
1835,union-city-ca,union city ca
1836,union-city-ga,union city ga
1837,union-city-nj,union city nj
1838,universal-city-tx,universal city tx
1839,university-city-mo,university city mo
1840,university-park-tx,university park tx
1841,university-place-wa,university place wa
1842,upland-ca,upland ca
1843,upper-arlington-oh,upper arlington oh
1844,urbana-il,urbana il
1845,urbandale-ia,urbandale ia
1846,utica-ny,utica ny
1847,vacaville-ca,vacaville ca
1848,valdosta-ga,valdosta ga
1849,vallejo-ca,vallejo ca
1850,valley-stream-ny,valley stream ny
1851,valparaiso-in,valparaiso in
1852,van-buren-ar,van buren ar
1853,vancouver-wa,vancouver wa
1854,venice-fl,venice fl
1855,vernon-hills-il,vernon hills il
1856,vero-beach-fl,vero beach fl
1857,vestavia-hills-al,vestavia hills al
1858,vicksburg-ms,vicksburg ms
1859,victoria-tx,victoria tx
1860,victorville-ca,victorville ca
1861,villa-park-il,villa park il
1862,vincennes-in,vincennes in
1863,vineland-nj,vineland nj
1864,virginia-beach-va,virginia beach va
1865,visalia-ca,visalia ca
1866,vista-ca,vista ca
1867,waco-tx,waco tx
1868,wadsworth-oh,wadsworth oh
1869,wake-forest-nc,wake forest nc
1870,walker-mi,walker mi
1871,walla-walla-wa,walla walla wa
1872,walnut-ca,walnut ca
1873,walnut-creek-ca,walnut creek ca
1874,waltham-ma,waltham ma
1875,warner-robins-ga,warner robins ga
1876,warren-mi,warren mi
1877,warren-oh,warren oh
1878,warrensburg-mo,warrensburg mo
1879,warwick-ri,warwick ri
1880,wasco-ca,wasco ca
1881,washington-dc-dc,washington dc dc
1882,washington-nc,washington nc
1883,washington-ut,washington ut
1884,watauga-tx,watauga tx
1885,waterbury-ct,waterbury ct
1886,waterloo-ia,waterloo ia
1887,watertown-ma,watertown ma
1888,watertown-ny,watertown ny
1889,watertown-sd,watertown sd
1890,watertown-wi,watertown wi
1891,watsonville-ca,watsonville ca
1892,waukegan-il,waukegan il
1893,waukesha-wi,waukesha wi
1894,wausau-wi,wausau wi
1895,wauwatosa-wi,wauwatosa wi
1896,waxahachie-tx,waxahachie tx
1897,wayne-mi,wayne mi
1898,waynesboro-va,waynesboro va
1899,weatherford-tx,weatherford tx
1900,webster-groves-mo,webster groves mo
1901,weirton-wv,weirton wv
1902,wellington-fl,wellington fl
1903,wenatchee-wa,wenatchee wa
1904,wentzville-mo,wentzville mo
1905,weslaco-tx,weslaco tx
1906,west-allis-wi,west allis wi
1907,west-bend-wi,west bend wi
1908,west-chester-pa,west chester pa
1909,west-chicago-il,west chicago il
1910,west-covina-ca,west covina ca
1911,west-des-moines-ia,west des moines ia
1912,westerville-oh,westerville oh
1913,west-fargo-nd,west fargo nd
1914,westfield-in,westfield in
1915,westfield-ma,westfield ma
1916,westfield-nj,westfield nj
1917,west-haven-ct,west haven ct
1918,west-hollywood-ca,west hollywood ca
1919,west-jordan-ut,west jordan ut
1920,west-lafayette-in,west lafayette in
1921,westlake-oh,westlake oh
1922,westland-mi,westland mi
1923,west-linn-or,west linn or
1924,west-memphis-ar,west memphis ar
1925,west-mifflin-pa,west mifflin pa
1926,westminster-ca,westminster ca
1927,westminster-co,westminster co
1928,westminster-md,westminster md
1929,westmont-il,westmont il
1930,west-new-york-nj,west new york nj
1931,weston-fl,weston fl
1932,west-palm-beach-fl,west palm beach fl
1933,west-sacramento-ca,west sacramento ca
1934,west-springfield-ma,west springfield ma
1935,west-st-paul-mn,west st paul mn
1936,west-valley-city-ut,west valley city ut
1937,wheaton-il,wheaton il
1938,wheat-ridge-co,wheat ridge co
1939,wheeling-il,wheeling il
1940,wheeling-wv,wheeling wv
1941,white-bear-lake-mn,white bear lake mn
1942,whitehall-oh,whitehall oh
1943,white-plains-ny,white plains ny
1944,whittier-ca,whittier ca
1945,wichita-falls-tx,wichita falls tx
1946,wichita-ks,wichita ks
1947,wildomar-ca,wildomar ca
1948,wildwood-mo,wildwood mo
1949,wilkes-barre-pa,wilkes barre pa
1950,wilkinsburg-pa,wilkinsburg pa
1951,williamsport-pa,williamsport pa
1952,willmar-mn,willmar mn
1953,willoughby-oh,willoughby oh
1954,wilmette-il,wilmette il
1955,wilmington-de,wilmington de
1956,wilmington-nc,wilmington nc
1957,wilson-nc,wilson nc
1958,wilsonville-or,wilsonville or
1959,winchester-ky,winchester ky
1960,winchester-va,winchester va
1961,windsor-ca,windsor ca
1962,windsor-co,windsor co
1963,winona-mn,winona mn
1964,winston-salem-nc,winston salem nc
1965,winter-garden-fl,winter garden fl
1966,winter-haven-fl,winter haven fl
1967,winter-park-fl,winter park fl
1968,winter-springs-fl,winter springs fl
1969,wisconsin-rapids-wi,wisconsin rapids wi
1970,woburn-ma,woburn ma
1971,woodburn-or,woodburn or
1972,woodbury-mn,woodbury mn
1973,woodland-ca,woodland ca
1974,woodridge-il,woodridge il
1975,woodstock-ga,woodstock ga
1976,woodstock-il,woodstock il
1977,woonsocket-ri,woonsocket ri
1978,wooster-oh,wooster oh
1979,worcester-ma,worcester ma
1980,wyandotte-mi,wyandotte mi
1981,wylie-tx,wylie tx
1982,wyoming-mi,wyoming mi
1983,xenia-oh,xenia oh
1984,yakima-wa,yakima wa
1985,yonkers-ny,yonkers ny
1986,yorba-linda-ca,yorba linda ca
1987,york-pa,york pa
1988,youngstown-oh,youngstown oh
1989,ypsilanti-mi,ypsilanti mi
1990,yuba-city-ca,yuba city ca
1991,yucaipa-ca,yucaipa ca
1992,yucca-valley-ca,yucca valley ca
1993,yukon-ok,yukon ok
1994,yuma-az,yuma az
1995,zanesville-oh,zanesville oh
1996,zion-il,zion il
1997,4k,4k
1999,DTVAPP,DTVAPP
2000,DTVAPP,DTVAPP
2001,DTVAPP,DTVAPP
2002,DTVAPP,DTVAPP
2003,DTVAPP,DTVAPP
2004,DTVAPP,DTVAPP
2005,DTVAPP,DTVAPP
2006,DTVAPP,DTVAPP
2007,DTVAPP,DTVAPP
2008,DTVAPP,DTVAPP
2009,DTVAPP,DTVAPP
2010,DTVAPP,DTVAPP
2011,DTVAPP,DTVAPP
2012,city,city
2013,customer-service,customer service
2014,deals,deals
2015,entertainment,entertainment
2016,guide,guide
2017,internet-bundles,internet bundles
2018,movies,movies
2019,moviesanywhere,moviesanywhere
2020,moving,moving
2021,networks,networks
2022,nfl-sunday-ticket-deals,nfl sunday ticket deals
2023,packages,packages
2024,playlist,playlist
2025,premiums,premiums
2026,sports-events,sports events
2027,sports,sports
2028,sports,sports
2029,sports,sports
2030,sports,sports
2031,sports,sports
2032,sports,sports
2033,sports,sports
2034,sports,sports
2035,sports,sports
2036,sports,sports
2037,sports,sports
2038,sports,sports
2039,sports,sports
2040,sports,sports
2041,sports,sports
2042,sports,sports
2043,sports,sports
2044,sports,sports
2045,streaming-tv,streaming tv
2046,technology,technology
2047,technology,technology
2048,technology,technology
2049,technology,technology
2050,technology,technology
2051,travelers,travelers
2052,tv,tv
2055,content,content
2056,content,content
2057,content,content
2058,content,content
2059,content,content
2060,content,content
2061,content,content
2062,customer,customer
2063,global,global
2064,global,global
2065,global,global
2066,packProg,packProg
2067,register,register
2081,additional-channels,additional channels
2083,bpl_schedule,bpl schedule
2084,golf,golf
2085,mlb,mlb
2086,mlb_schedules,mlb schedules
2087,mlb_upgrade,mlb upgrade
2088,mls_schedules,mls schedules
2089,nba,nba
2090,nba_schedules,nba schedules
2091,nba_upgrade,nba upgrade
2092,nfl,nfl
2093,nfl_schedules,nfl schedules
2094,nhl,nhl
2095,nhl_schedules,nhl schedules
2096,rugby_championship_schedule,rugby championship schedule
2097,soccer,soccer
2098,soccer,soccer
2099,sports_pack,sports pack
2100,tennis,tennis
2102,compare_receivers,compare receivers
2103,connected_home,connected home
2104,dvr_receiver,dvr receiver
2105,hd_channels,hd channels
2106,protection_plan,protection plan
